id,name,points
1729594906453,zone1,"[[154,252.6015625],[125,355.6015625],[355,365.6015625],[355,263.6015625]]"
1729594912520,zone2,"[[40,156.6015625],[44,276.6015625],[101,276.6015625],[84,117.6015625]]"
1729594919803,zone4,"[[439,237.6015625],[244,450.6015625],[474,487.6015625],[466,241.6015625]]"
